{
"model": {
	"type": "minecraft:select",
	"property": "minecraft:component",
	"component": "minecraft:custom_name",
"cases": [
	{
		"when": ["Pot", "Кастрюля"],
		"model": {
			"type": "minecraft:select",
			"property": "minecraft:display_context",
			"cases": [
				{
					"when":["firstperson_righthand", "thirdperson_righthand", "ground", "fixed", "head", "firstperson_lefthand", "thirdperson_lefthand"],
					"model": {
						"type": "minecraft:model",
						"model": "ksepsp:item/9_0/other/bowl/pot"
					}
				}
			],
			"fallback": {
				"type": "minecraft:model",
				"model": "ksepsp:item/9_0/other/bowl/pot_item"
			}
		}
	}
	],
	"fallback": {
		"type": "minecraft:model",
		"model": "minecraft:item/bowl"
	}
}
}