{
"oversized_in_gui": true,
"model": {
	"type": "minecraft:select",
	"property": "minecraft:component",
	"component": "minecraft:custom_name",
"cases": [
	{
		"when": ["Cloche", "Клош"],
		"model": {
			"type": "minecraft:select",
			"property": "minecraft:display_context",
			"cases": [
				{
					"when": [
						"firstperson_righthand",
						"thirdperson_righthand",
						"head",
						"ground",
						"fixed"
					],
					"model": {
						"type": "minecraft:model",
						"model": "ksepsp:item/9_0/other/bundle/cloche"
					}
				},
				{
					"when": ["gui"],
					"model": {
						"type": "minecraft:condition",
						"property": "minecraft:bundle/has_selected_item",
						"on_true": {
							"type": "minecraft:composite",
							"models": [
							{
								"type": "minecraft:model",
								"model": "ksepsp:item/9_0/other/bundle/cloche_open_back"
							},
							{
								"type": "minecraft:bundle/selected_item"
							}
							]
						},
						"on_false": {
							"type": "minecraft:model",
							"model": "ksepsp:item/9_0/other/bundle/cloche_item"
						}
					}
				}
			],
			"fallback": {
				"type": "minecraft:model",
				"model": "ksepsp:item/9_0/other/bundle/cloche_left_hand"
			}
		}
	},
	{
		"when": ["Pack of Cigarettes", "Пачка сигарет"],
		"model": {
			"type": "minecraft:select",
			"property": "minecraft:display_context",
			"cases": [
				{
					"when": [
						"firstperson_righthand",
						"thirdperson_righthand",
						"firstperson_lefthand",
						"thirdperson_lefthand",
						"head",
						"ground",
						"fixed"
					],
					"model": {
						"type": "minecraft:model",
						"model": "ksepsp:item/9_0/other/bundle/pack_of_cigarettes"
					}
				}
			],
			"fallback": {
				"type": "minecraft:condition",
				"property": "minecraft:bundle/has_selected_item",
				"on_true": {
					"type": "minecraft:composite",
					"models": [
					{
						"type": "minecraft:model",
						"model": "ksepsp:item/9_0/other/bundle/pack_of_cigarettes_item_open_back"
					},
					{
						"type": "minecraft:bundle/selected_item"
					},
					{
						"type": "minecraft:model",
						"model": "ksepsp:item/9_0/other/bundle/pack_of_cigarettes_item_open_front"
					}
					]
				},
				"on_false": {
					"type": "minecraft:model",
					"model": "ksepsp:item/9_0/other/bundle/pack_of_cigarettes_item"
				}
			}
		}
	},
	{
		"when": ["Cigarette Case", "Портсигар"],
		"model": {
			"type": "minecraft:select",
			"property": "minecraft:display_context",
			"cases": [
				{
					"when": [
						"firstperson_righthand",
						"thirdperson_righthand",
						"head",
						"ground",
						"fixed"
					],
					"model": {
						"type": "minecraft:model",
						"model": "ksepsp:item/9_0/other/bundle/cigarette_case"
					}
				},
				{
					"when": [
						"firstperson_lefthand",
						"thirdperson_lefthand"
					],
					"model": {
						"type": "minecraft:model",
						"model": "ksepsp:item/9_0/other/bundle/cigarette_case_left_hand"
					}
				}
			],
			"fallback": {
				"type": "minecraft:condition",
				"property": "minecraft:bundle/has_selected_item",
				"on_true": {
					"type": "minecraft:composite",
					"models": [
					{
						"type": "minecraft:model",
						"model": "ksepsp:item/9_0/other/bundle/cigarette_case_item_open_back"
					},
					{
						"type": "minecraft:bundle/selected_item"
					}
					]
				},
				"on_false": {
					"type": "minecraft:model",
					"model": "ksepsp:item/9_0/other/bundle/cigarette_case_item"
				}
			}
		}
	},
	{
		"when": ["Книга с тайником", "Book with Recess"],
		"model": {
			"type": "minecraft:select",
			"property": "minecraft:display_context",
			"cases": [
				{
					"when": [
						"firstperson_righthand",
						"thirdperson_righthand",
						"head",
						"ground",
						"fixed"
					],
					"model": {
						"type": "minecraft:model",
						"model": "ksepsp:item/9_0/other/bundle/book_with_recess"
					}
				},
				{
					"when": ["gui"],
					"model": {
						"type": "minecraft:condition",
						"property": "minecraft:bundle/has_selected_item",
						"on_true": {
							"type": "minecraft:composite",
							"models": [
							{
								"type": "minecraft:model",
								"model": "ksepsp:item/9_0/other/bundle/book_with_recess_item_open_back"
							},
							{
								"type": "minecraft:bundle/selected_item"
							}
							]
						},
						"on_false": {
							"type": "minecraft:model",
							"model": "ksepsp:item/9_0/other/bundle/book_with_recess_item"
						}
					}
				}
			],
			"fallback": {
				"type": "minecraft:model",
				"model": "ksepsp:item/9_0/other/bundle/book_with_recess_left_hand"
			}
		}
	},
	{
		"when": ["Bindle", "Посох с котомкой"],
		"model": {
			"type": "minecraft:select",
			"property": "minecraft:display_context",
			"cases": [
				{
					"when": [
						"firstperson_righthand",
						"thirdperson_righthand",
						"firstperson_lefthand",
						"thirdperson_lefthand",
						"head",
						"ground",
						"fixed"
					],
					"model": {
						"type": "minecraft:model",
						"model": "ksepsp:item/9_0/other/bundle/bindle"
					}
				}
			],
			"fallback": {
				"type": "minecraft:condition",
				"property": "minecraft:bundle/has_selected_item",
				"on_true": {
					"type": "minecraft:composite",
					"models": [
					{
						"type": "minecraft:model",
						"model": "ksepsp:item/9_0/other/bundle/bindle_item_open_back"
					},
					{
						"type": "minecraft:bundle/selected_item"
					}
					]
				},
				"on_false": {
					"type": "minecraft:model",
					"model": "ksepsp:item/9_0/other/bundle/bindle_item"
				}
			}
		}
	},
	{
		"when": ["Trash Bag", "Мусорный пакет"],
		"model": {
			"type": "minecraft:select",
			"property": "minecraft:display_context",
			"cases": [
				{
					"when": [
						"firstperson_righthand",
						"thirdperson_righthand",
						"firstperson_lefthand",
						"thirdperson_lefthand",
						"head",
						"ground",
						"fixed"
					],
					"model": {
						"type": "minecraft:model",
						"model": "ksepsp:item/9_0/other/bundle/trash_bag"
					}
				}
			],
			"fallback": {
				"type": "minecraft:condition",
				"property": "minecraft:bundle/has_selected_item",
				"on_true": {
					"type": "minecraft:composite",
					"models": [
					{
						"type": "minecraft:model",
						"model": "ksepsp:item/9_0/other/bundle/trash_bag_item_open_back"
					},
					{
						"type": "minecraft:bundle/selected_item"
					},
					{
						"type": "minecraft:model",
						"model": "ksepsp:item/9_0/other/bundle/trash_bag_item_open_front"
					}
					]
				},
				"on_false": {
					"type": "minecraft:model",
					"model": "ksepsp:item/9_0/other/bundle/trash_bag_item"
				}
			}
		}
	},
	{
		"when": ["Medpack", "Сумка с медикаментами"],
		"model": {
			"type": "minecraft:select",
			"property": "minecraft:display_context",
			"cases": [
				{
					"when": [
						"firstperson_righthand",
						"thirdperson_righthand",
						"firstperson_lefthand",
						"thirdperson_lefthand",
						"head",
						"ground",
						"fixed"
					],
					"model": {
						"type": "minecraft:model",
						"model": "ksepsp:item/9_0/other/bundle/medpack"
					}
				}
			],
			"fallback": {
				"type": "minecraft:condition",
				"property": "minecraft:bundle/has_selected_item",
				"on_true": {
					"type": "minecraft:composite",
					"models": [
					{
						"type": "minecraft:model",
						"model": "ksepsp:item/9_0/other/bundle/medpack_item_open_back"
					},
					{
						"type": "minecraft:bundle/selected_item"
					},
					{
						"type": "minecraft:model",
						"model": "ksepsp:item/9_0/other/bundle/medpack_item_open_front"
					}
					]
				},
				"on_false": {
					"type": "minecraft:model",
					"model": "ksepsp:item/9_0/other/bundle/medpack_item"
				}
			}
		}
	},
	{
		"when": ["Коробка с пиццей", "Pizza Box"],
		"model": {
			"type": "minecraft:select",
			"property": "minecraft:display_context",
			"cases": [
				{
					"when": [
						"firstperson_righthand",
						"thirdperson_righthand",
						"head",
						"ground",
						"fixed"
					],
					"model": {
						"type": "minecraft:model",
						"model": "ksepsp:item/9_0/other/bundle/pizza_box"
					}
				},
				{
					"when": ["gui"],
					"model": {
						"type": "minecraft:condition",
						"property": "minecraft:bundle/has_selected_item",
						"on_true": {
							"type": "minecraft:composite",
							"models": [
							{
								"type": "minecraft:model",
								"model": "ksepsp:item/9_0/other/bundle/pizza_box_item_open_back"
							},
							{
								"type": "minecraft:bundle/selected_item"
							}
							]
						},
						"on_false": {
							"type": "minecraft:model",
							"model": "ksepsp:item/9_0/other/bundle/pizza_box_item"
						}
					}
				}
			],
			"fallback": {
				"type": "minecraft:model",
				"model": "ksepsp:item/9_0/other/bundle/pizza_box_left_hand"
			}
		}
	},
	{
		"when": ["Коробка с инопланетной пиццей", "Alien Pizza Box"],
		"model": {
			"type": "minecraft:select",
			"property": "minecraft:display_context",
			"cases": [
				{
					"when": [
						"firstperson_righthand",
						"thirdperson_righthand",
						"head",
						"ground",
						"fixed"
					],
					"model": {
						"type": "minecraft:model",
						"model": "ksepsp:item/9_0/other/bundle/alien_pizza_box"
					}
				},
				{
					"when": ["gui"],
					"model": {
						"type": "minecraft:condition",
						"property": "minecraft:bundle/has_selected_item",
						"on_true": {
							"type": "minecraft:composite",
							"models": [
							{
								"type": "minecraft:model",
								"model": "ksepsp:item/9_0/other/bundle/alien_pizza_box_item_open_back"
							},
							{
								"type": "minecraft:bundle/selected_item"
							}
							]
						},
						"on_false": {
							"type": "minecraft:model",
							"model": "ksepsp:item/9_0/other/bundle/alien_pizza_box_item"
						}
					}
				}
			],
			"fallback": {
				"type": "minecraft:model",
				"model": "ksepsp:item/9_0/other/bundle/alien_pizza_box_left_hand"
			}
		}
	},
	{
		"when": ["Wallet", "Кошелёк"],
		"model": {
			"type": "minecraft:select",
			"property": "minecraft:display_context",
			"cases": [
				{
					"when": [
						"firstperson_righthand",
						"thirdperson_righthand",
						"firstperson_lefthand",
						"thirdperson_lefthand",
						"head",
						"ground",
						"fixed"
					],
					"model": {
						"type": "minecraft:model",
						"model": "ksepsp:item/9_0/other/bundle/wallet"
					}
				}
			],
			"fallback": {
				"type": "minecraft:condition",
				"property": "minecraft:bundle/has_selected_item",
				"on_true": {
					"type": "minecraft:composite",
					"models": [
					{
						"type": "minecraft:model",
						"model": "ksepsp:item/9_0/other/bundle/wallet_item_open_back"
					},
					{
						"type": "minecraft:bundle/selected_item"
					}
					]
				},
				"on_false": {
					"type": "minecraft:model",
					"model": "ksepsp:item/9_0/other/bundle/wallet_item"
				}
			}
		}
	},
	{
		"when": ["Backpack", "Рюкзак"],
		"model": {
			"type": "minecraft:select",
			"property": "minecraft:display_context",
			"cases": [
				{
					"when": [
						"firstperson_righthand",
						"thirdperson_righthand",
						"firstperson_lefthand",
						"thirdperson_lefthand",
						"head",
						"ground",
						"fixed"
					],
					"model": {
						"type": "minecraft:model",
						"model": "ksepsp:item/9_0/other/bundle/backpack"
					}
				}
			],
			"fallback": {
				"type": "minecraft:condition",
				"property": "minecraft:bundle/has_selected_item",
				"on_true": {
					"type": "minecraft:composite",
					"models": [
					{
						"type": "minecraft:model",
						"model": "ksepsp:item/9_0/other/bundle/backpack_item_open_back"
					},
					{
						"type": "minecraft:bundle/selected_item"
					},
					{
						"type": "minecraft:model",
						"model": "ksepsp:item/9_0/other/bundle/backpack_item_open_front"
					}
					]
				},
				"on_false": {
					"type": "minecraft:model",
					"model": "ksepsp:item/9_0/other/bundle/backpack_item"
				}
			}
		}
	},
	{
		"when": ["Quiver", "Колчан"],
		"model": {
			"type": "minecraft:select",
			"property": "minecraft:display_context",
			"cases": [
				{
					"when": [
						"firstperson_righthand",
						"thirdperson_righthand",
						"firstperson_lefthand",
						"thirdperson_lefthand",
						"head",
						"ground",
						"fixed"
					],
					"model": {
						"type": "minecraft:model",
						"model": "ksepsp:item/9_0/other/bundle/quiver"
					}
				}
			],
			"fallback": {
				"type": "minecraft:condition",
				"property": "minecraft:bundle/has_selected_item",
				"on_true": {
					"type": "minecraft:composite",
					"models": [
					{
						"type": "minecraft:model",
						"model": "ksepsp:item/9_0/other/bundle/quiver_item_open_back"
					},
					{
						"type": "minecraft:bundle/selected_item"
					},
					{
						"type": "minecraft:model",
						"model": "ksepsp:item/9_0/other/bundle/quiver_item_open_front"
					}
					]
				},
				"on_false": {
					"type": "minecraft:model",
					"model": "ksepsp:item/9_0/other/bundle/quiver_item"
				}
			}
		}
	},
	{
		"when": ["Matchbox", "Коробок спичек"],
		"model": {
			"type": "minecraft:condition",
				"property": "minecraft:bundle/has_selected_item",
				"on_true": {
					"type": "minecraft:composite",
					"models": [
					{
						"type": "minecraft:model",
						"model": "ksepsp:item/9_0/other/bundle/matchbox_item_open_back"
					},
					{
						"type": "minecraft:bundle/selected_item"
					}
					]
				},
				"on_false": {
					"type": "minecraft:model",
					"model": "ksepsp:item/9_0/other/bundle/matchbox_item"
				}
		}
	},
	{
		"when": ["Palette", "Палитра"],
		"model": {
			"type": "minecraft:condition",
				"property": "minecraft:bundle/has_selected_item",
				"on_true": {
					"type": "minecraft:composite",
					"models": [
					{
						"type": "minecraft:model",
						"model": "ksepsp:item/9_0/other/bundle/palette_open_back"
					},
					{
						"type": "minecraft:bundle/selected_item"
					}
					]
				},
				"on_false": {
					"type": "minecraft:model",
					"model": "ksepsp:item/9_0/other/bundle/palette"
				}
		}
	}
    ],
	"fallback": {
		"type": "minecraft:condition",
		"property": "minecraft:bundle/has_selected_item",
		"on_true": {
			"type": "minecraft:composite",
			"models": [
			{
				"type": "minecraft:model",
				"model": "minecraft:item/bundle_open_back"
			},
			{
				"type": "minecraft:bundle/selected_item"
			},
			{
				"type": "minecraft:model",
				"model": "minecraft:item/bundle_open_front"
			}
			]
		},
		"on_false": {
			"type": "minecraft:model",
			"model": "minecraft:item/bundle"
		}
	}
}
}