{
"model": {
	"type": "minecraft:select",
	"property": "minecraft:component",
	"component": "minecraft:custom_name",
"cases": [
	{
		"when": ["Canned Food", "Консервы"],
		"model": {
			"type": "minecraft:model",
			"model": "ksepsp:item/9_0/food/cooked_salmon/canned_food"
		}
	},
	{
		"when": ["Fish Cake", "Рыбный батончик"],
		"model": {
			"type": "minecraft:model",
			"model": "ksepsp:item/9_0/food/cooked_salmon/fish_cake"
		}
	}
	],
	"fallback": {
		"type": "minecraft:model",
		"model": "minecraft:item/cooked_salmon"
	}
}
}