{
"model": {
	"type": "minecraft:select",
	"property": "minecraft:component",
	"component": "minecraft:custom_name",
"cases": [
	{
		"when": ["Gasoline", "Горючее"],
		"model": {
			"type": "minecraft:model",
			"model": "ksepsp:item/9_0/other/firework_rocket/gasoline"
		}
	},
	{
		"when": ["Rocket", "Ракета"],
		"model": {
			"type": "minecraft:model",
			"model": "ksepsp:item/9_0/other/firework_rocket/rocket"
		}
	}
    ],
	"fallback": {
		"type": "minecraft:model",
		"model": "minecraft:item/firework_rocket"
	}
}
}