{
"oversized_in_gui": true,
"model": {
	"type": "minecraft:select",
	"property": "minecraft:component",
	"component": "minecraft:custom_name",
"cases": [
	{
		"when": ["Lasso", "Лассо"],
		"model": {
			"type": "minecraft:condition",
			"property": "minecraft:fishing_rod/cast",
			"on_true": {
				"type": "minecraft:model",
				"model": "ksepsp:item/9_0/tools/fishing_rod/lasso_cast"
			},
			"on_false": {
				"type": "minecraft:model",
				"model": "ksepsp:item/9_0/tools/fishing_rod/lasso"
			}
		}
	}
    ],
	"fallback": {
		"type": "minecraft:condition",
		"property": "minecraft:fishing_rod/cast",
		"on_true": {
			"type": "minecraft:model",
			"model": "minecraft:item/fishing_rod_cast"
		},
		"on_false": {
			"type": "minecraft:model",
			"model": "minecraft:item/fishing_rod"
		}
	}
}
}