{
"model": {
	"type": "minecraft:select",
	"property": "minecraft:component",
	"component": "minecraft:custom_name",
"cases": [
	{
		"when": ["Empty Syringe", "Пустой шприц"],
		"model": {
				"type": "minecraft:select",
				"property": "minecraft:display_context",
			"cases": [
				{
					"when":["firstperson_righthand", "thirdperson_righthand", "ground", "head", "fixed", "firstperson_lefthand", "thirdperson_lefthand"],
					"model": {
						"type": "minecraft:model",
						"model": "ksepsp:item/9_0/other/glass_bottle/empty_syringe"
					}
				}
			],
			"fallback": {
				"type": "minecraft:model",
				"model": "ksepsp:item/9_0/other/glass_bottle/empty_syringe_item"
			}
		}
	},
	{
		"when": ["Empty Test Tube", "Пустая пробирка"],
		"model": {
				"type": "minecraft:select",
				"property": "minecraft:display_context",
			"cases": [
				{
					"when":["firstperson_righthand", "thirdperson_righthand", "ground", "head", "fixed", "firstperson_lefthand", "thirdperson_lefthand"],
					"model": {
						"type": "minecraft:model",
						"model": "ksepsp:item/9_0/other/glass_bottle/empty_test_tube"
					}
				}
			],
			"fallback": {
				"type": "minecraft:model",
				"model": "ksepsp:item/9_0/other/glass_bottle/empty_test_tube_item"
			}
		}
	}
    ],
	"fallback": {
		"type": "minecraft:model",
		"model": "minecraft:item/glass_bottle"
	}
}
}